"RCP","GCM","RCM","BC","ETo"
"rcp26","CNRM-CERFACS-CNRM-CM5","CNRM-ALADIN63","ADAMONT","FAO"
"rcp26","CNRM-CERFACS-CNRM-CM5","CNRM-ALADIN63","ADAMONT","Hg0175"
"rcp45","CNRM-CERFACS-CNRM-CM5","CNRM-ALADIN63","ADAMONT","FAO"
"rcp45","CNRM-CERFACS-CNRM-CM5","CNRM-ALADIN63","ADAMONT","Hg0175"
"rcp85","CNRM-CERFACS-CNRM-CM5","CNRM-ALADIN63","ADAMONT","FAO"
"rcp85","CNRM-CERFACS-CNRM-CM5","CNRM-ALADIN63","ADAMONT","Hg0175"
"rcp26","CNRM-CERFACS-CNRM-CM5","KNMI-RACMO22E","ADAMONT","FAO"
"rcp26","CNRM-CERFACS-CNRM-CM5","KNMI-RACMO22E","ADAMONT","Hg0175"
"rcp45","CNRM-CERFACS-CNRM-CM5","KNMI-RACMO22E","ADAMONT","FAO"
"rcp45","CNRM-CERFACS-CNRM-CM5","KNMI-RACMO22E","ADAMONT","Hg0175"
"rcp85","CNRM-CERFACS-CNRM-CM5","KNMI-RACMO22E","ADAMONT","FAO"
"rcp85","CNRM-CERFACS-CNRM-CM5","KNMI-RACMO22E","ADAMONT","Hg0175"
"rcp85","ICHEC-EC-EARTH","DMI-HIRHAM5","ADAMONT","FAO"
"rcp85","ICHEC-EC-EARTH","DMI-HIRHAM5","ADAMONT","Hg0175"
"rcp26","ICHEC-EC-EARTH","KNMI-RACMO22E","ADAMONT","FAO"
"rcp26","ICHEC-EC-EARTH","KNMI-RACMO22E","ADAMONT","Hg0175"
"rcp45","ICHEC-EC-EARTH","KNMI-RACMO22E","ADAMONT","FAO"
"rcp45","ICHEC-EC-EARTH","KNMI-RACMO22E","ADAMONT","Hg0175"
"rcp85","ICHEC-EC-EARTH","KNMI-RACMO22E","ADAMONT","FAO"
"rcp85","ICHEC-EC-EARTH","KNMI-RACMO22E","ADAMONT","Hg0175"
"rcp26","ICHEC-EC-EARTH","MOHC-HadREM3-GA7-05","ADAMONT","FAO"
"rcp26","ICHEC-EC-EARTH","MOHC-HadREM3-GA7-05","ADAMONT","Hg0175"
"rcp85","ICHEC-EC-EARTH","MOHC-HadREM3-GA7-05","ADAMONT","FAO"
"rcp85","ICHEC-EC-EARTH","MOHC-HadREM3-GA7-05","ADAMONT","Hg0175"
"rcp26","ICHEC-EC-EARTH","SMHI-RCA4","ADAMONT","FAO"
"rcp26","ICHEC-EC-EARTH","SMHI-RCA4","ADAMONT","Hg0175"
"rcp45","ICHEC-EC-EARTH","SMHI-RCA4","ADAMONT","FAO"
"rcp45","ICHEC-EC-EARTH","SMHI-RCA4","ADAMONT","Hg0175"
"rcp85","IPSL-IPSL-CM5A-MR","DMI-HIRHAM5","ADAMONT","FAO"
"rcp85","IPSL-IPSL-CM5A-MR","DMI-HIRHAM5","ADAMONT","Hg0175"
"rcp45","IPSL-IPSL-CM5A-MR","IPSL-WRF381P","ADAMONT","FAO"
"rcp45","IPSL-IPSL-CM5A-MR","IPSL-WRF381P","ADAMONT","Hg0175"
"rcp85","IPSL-IPSL-CM5A-MR","IPSL-WRF381P","ADAMONT","FAO"
"rcp85","IPSL-IPSL-CM5A-MR","IPSL-WRF381P","ADAMONT","Hg0175"
"rcp45","IPSL-IPSL-CM5A-MR","SMHI-RCA4","ADAMONT","FAO"
"rcp45","IPSL-IPSL-CM5A-MR","SMHI-RCA4","ADAMONT","Hg0175"
"rcp85","IPSL-IPSL-CM5A-MR","SMHI-RCA4","ADAMONT","FAO"
"rcp85","IPSL-IPSL-CM5A-MR","SMHI-RCA4","ADAMONT","Hg0175"
"rcp45","MOHC-HadGEM2-ES","CLMcom-CCLM4-8-17","ADAMONT","FAO"
"rcp45","MOHC-HadGEM2-ES","CLMcom-CCLM4-8-17","ADAMONT","Hg0175"
"rcp85","MOHC-HadGEM2-ES","CLMcom-CCLM4-8-17","ADAMONT","FAO"
"rcp85","MOHC-HadGEM2-ES","CLMcom-CCLM4-8-17","ADAMONT","Hg0175"
"rcp26","MOHC-HadGEM2-ES","ICTP-RegCM4-6","ADAMONT","FAO"
"rcp26","MOHC-HadGEM2-ES","ICTP-RegCM4-6","ADAMONT","Hg0175"
"rcp85","MOHC-HadGEM2-ES","ICTP-RegCM4-6","ADAMONT","FAO"
"rcp85","MOHC-HadGEM2-ES","ICTP-RegCM4-6","ADAMONT","Hg0175"
"rcp26","MOHC-HadGEM2-ES","MOHC-HadREM3-GA7-05","ADAMONT","FAO"
"rcp26","MOHC-HadGEM2-ES","MOHC-HadREM3-GA7-05","ADAMONT","Hg0175"
"rcp85","MOHC-HadGEM2-ES","MOHC-HadREM3-GA7-05","ADAMONT","FAO"
"rcp85","MOHC-HadGEM2-ES","MOHC-HadREM3-GA7-05","ADAMONT","Hg0175"
"rcp26","MPI-M-MPI-ESM-LR","CLMcom-CCLM4-8-17","ADAMONT","FAO"
"rcp26","MPI-M-MPI-ESM-LR","CLMcom-CCLM4-8-17","ADAMONT","Hg0175"
"rcp45","MPI-M-MPI-ESM-LR","CLMcom-CCLM4-8-17","ADAMONT","FAO"
"rcp45","MPI-M-MPI-ESM-LR","CLMcom-CCLM4-8-17","ADAMONT","Hg0175"
"rcp85","MPI-M-MPI-ESM-LR","CLMcom-CCLM4-8-17","ADAMONT","FAO"
"rcp85","MPI-M-MPI-ESM-LR","CLMcom-CCLM4-8-17","ADAMONT","Hg0175"
"rcp26","MPI-M-MPI-ESM-LR","ICTP-RegCM4-6","ADAMONT","FAO"
"rcp26","MPI-M-MPI-ESM-LR","ICTP-RegCM4-6","ADAMONT","Hg0175"
"rcp26","MPI-M-MPI-ESM-LR","MPI-CSC-REMO2009","ADAMONT","FAO"
"rcp26","MPI-M-MPI-ESM-LR","MPI-CSC-REMO2009","ADAMONT","Hg0175"
"rcp45","MPI-M-MPI-ESM-LR","MPI-CSC-REMO2009","ADAMONT","FAO"
"rcp45","MPI-M-MPI-ESM-LR","MPI-CSC-REMO2009","ADAMONT","Hg0175"
"rcp85","MPI-M-MPI-ESM-LR","MPI-CSC-REMO2009","ADAMONT","FAO"
"rcp85","MPI-M-MPI-ESM-LR","MPI-CSC-REMO2009","ADAMONT","Hg0175"
"rcp45","NCC-NorESM1-M","DMI-HIRHAM5","ADAMONT","FAO"
"rcp45","NCC-NorESM1-M","DMI-HIRHAM5","ADAMONT","Hg0175"
"rcp85","NCC-NorESM1-M","DMI-HIRHAM5","ADAMONT","FAO"
"rcp85","NCC-NorESM1-M","DMI-HIRHAM5","ADAMONT","Hg0175"
"rcp26","NCC-NorESM1-M","GERICS-REMO2015","ADAMONT","FAO"
"rcp26","NCC-NorESM1-M","GERICS-REMO2015","ADAMONT","Hg0175"
"rcp45","NCC-NorESM1-M","GERICS-REMO2015","ADAMONT","FAO"
"rcp45","NCC-NorESM1-M","GERICS-REMO2015","ADAMONT","Hg0175"
"rcp85","NCC-NorESM1-M","GERICS-REMO2015","ADAMONT","FAO"
"rcp85","NCC-NorESM1-M","GERICS-REMO2015","ADAMONT","Hg0175"
"rcp85","NCC-NorESM1-M","IPSL-WRF381P","ADAMONT","FAO"
"rcp85","NCC-NorESM1-M","IPSL-WRF381P","ADAMONT","Hg0175"
